timestamp,lat,lon,alt,rel_alt,speed
2026-04-28 11:00:09.433196+00:00,-35.3599097,149.1587272,597.5,0.0,0.0
2026-04-28 11:00:09.621874+00:00,-35.3599098,149.1587271,597.48,9.999,0.01
2026-04-28 11:00:09.872663+00:00,-35.3599098,149.1587271,597.48,9.999,0.01
2026-04-28 11:00:09.937682+00:00,-35.3599097,149.1587272,597.5,0.0,0.0
2026-04-28 11:00:10.125943+00:00,-35.3599098,149.1587271,597.48,9.999,0.01
2026-04-28 11:00:10.375819+00:00,-35.3599098,149.1587271,597.48,9.999,0.01414213562373095
2026-04-28 11:00:10.439078+00:00,-35.3599097,149.1587272,597.5,0.0,0.0
2026-04-28 11:00:10.627902+00:00,-35.3599098,149.1587271,597.48,9.999,0.01414213562373095
2026-04-28 11:00:10.877787+00:00,-35.3599098,149.1587271,597.48,9.998,0.01414213562373095
2026-04-28 11:00:10.942073+00:00,-35.3599096,149.1587272,597.5,0.0,0.0
2026-04-28 11:00:11.127383+00:00,-35.3599098,149.1587271,597.48,9.998,0.01414213562373095
2026-04-28 11:00:11.379087+00:00,-35.3599098,149.1587271,597.48,9.998,0.01414213562373095
2026-04-28 11:00:11.443715+00:00,-35.3599096,149.1587272,597.5,0.0,0.0
2026-04-28 11:00:11.629634+00:00,-35.3599098,149.1587271,597.48,9.999,0.01414213562373095
2026-04-28 11:00:11.879122+00:00,-35.3599098,149.1587271,597.48,9.999,0.01414213562373095
2026-04-28 11:00:11.942762+00:00,-35.3599096,149.1587272,597.51,0.0,0.0
2026-04-28 11:00:12.128644+00:00,-35.3599098,149.1587271,597.49,10.0,0.01414213562373095
2026-04-28 11:00:12.377932+00:00,-35.3599098,149.1587271,597.49,10.0,0.01414213562373095
2026-04-28 11:00:12.441953+00:00,-35.3599096,149.1587272,597.51,0.0,0.0
2026-04-28 11:00:12.641888+00:00,-35.3599098,149.1587271,597.49,10.0,0.01414213562373095
2026-04-28 11:00:12.892271+00:00,-35.3599098,149.1587271,597.49,10.0,0.01414213562373095
2026-04-28 11:00:12.956338+00:00,-35.3599096,149.1587272,597.51,0.0,0.0
2026-04-28 11:00:13.140590+00:00,-35.3599098,149.1587271,597.49,10.0,0.01414213562373095
2026-04-28 11:00:13.391825+00:00,-35.3599098,149.1587271,597.49,10.001,0.01414213562373095
2026-04-28 11:00:13.458394+00:00,-35.3599097,149.1587272,597.51,0.0,0.0
2026-04-28 11:00:13.630622+00:00,-35.3599098,149.1587271,597.49,10.001,0.01414213562373095
2026-04-28 11:00:13.882052+00:00,-35.3599098,149.1587271,597.49,10.001,0.01414213562373095
2026-04-28 11:00:13.944676+00:00,-35.3599097,149.1587272,597.51,0.0,0.0
2026-04-28 11:00:14.132199+00:00,-35.3599098,149.1587271,597.49,10.0,0.01414213562373095
2026-04-28 11:00:14.380120+00:00,-35.3599098,149.1587271,597.49,10.0,0.01414213562373095
2026-04-28 11:00:14.443271+00:00,-35.3599097,149.1587272,597.5,0.0,0.0
2026-04-28 11:00:14.630909+00:00,-35.3599098,149.1587271,597.49,10.0,0.01414213562373095
2026-04-28 11:00:14.879658+00:00,-35.3599098,149.1587271,597.48,9.999,0.01414213562373095
2026-04-28 11:00:14.944122+00:00,-35.3599097,149.1587272,597.5,0.0,0.0
2026-04-28 11:00:15.139822+00:00,-35.3599098,149.1587271,597.48,9.999,0.01414213562373095
2026-04-28 11:00:15.383620+00:00,-35.3599098,149.1587271,597.48,9.999,0.01414213562373095
2026-04-28 11:00:15.433622+00:00,-35.3599097,149.1587272,597.5,0.0,0.0
2026-04-28 11:00:15.621453+00:00,-35.3599098,149.1587271,597.48,9.999,0.01414213562373095
2026-04-28 11:00:15.873706+00:00,-35.3599098,149.1587271,597.48,9.998,0.01414213562373095
2026-04-28 11:00:15.939710+00:00,-35.3599098,149.1587274,597.5,0.0,0.0
2026-04-28 11:00:16.142630+00:00,-35.3599098,149.1587271,597.48,9.998,0.01414213562373095
2026-04-28 11:00:16.391506+00:00,-35.3599098,149.1587271,597.48,9.999,0.01414213562373095
2026-04-28 11:00:16.425500+00:00,-35.3599099,149.1587274,597.51,0.0,0.0
2026-04-28 11:00:16.641443+00:00,-35.3599098,149.1587272,597.48,9.999,0.02
2026-04-28 11:00:16.892177+00:00,-35.3599098,149.1587272,597.49,10.0,0.02
2026-04-28 11:00:16.957103+00:00,-35.3599099,149.1587274,597.51,0.0,0.0
2026-04-28 11:00:17.147128+00:00,-35.3599098,149.1587272,597.49,10.0,0.02
2026-04-28 11:00:17.393806+00:00,-35.3599098,149.1587272,597.49,10.0,0.02
2026-04-28 11:00:17.425801+00:00,-35.3599099,149.1587274,597.51,0.0,0.0
2026-04-28 11:00:17.645715+00:00,-35.3599098,149.1587272,597.49,10.0,0.02
2026-04-28 11:00:17.895146+00:00,-35.3599098,149.1587272,597.49,10.001,0.02
2026-04-28 11:00:17.928278+00:00,-35.3599099,149.1587274,597.51,0.0,0.0
2026-04-28 11:00:18.442206+00:00,-35.3599098,149.1587272,597.49,10.001,0.02
2026-04-28 11:00:18.444207+00:00,-35.3599097,149.1587272,597.51,0.0,0.0
2026-04-28 11:00:18.941283+00:00,-35.3599098,149.1587271,597.49,10.0,0.02
2026-04-28 11:00:18.943281+00:00,-35.3599097,149.1587272,597.5,0.0,0.0
2026-04-28 11:00:19.443149+00:00,-35.3599098,149.1587271,597.48,9.999,0.01414213562373095
2026-04-28 11:00:19.444147+00:00,-35.3599097,149.1587272,597.5,0.0,0.0
2026-04-28 11:00:19.946064+00:00,-35.3599097,149.1587269,597.48,9.998,0.18384776310850234
2026-04-28 11:00:19.947086+00:00,-35.3599097,149.1587271,597.5,0.0,0.0
2026-04-28 11:00:20.445673+00:00,-35.359908,149.1587233,597.48,9.996,1.4822280526288794
2026-04-28 11:00:20.446700+00:00,-35.3599088,149.1587255,597.5,0.0,0.0
2026-04-28 11:00:20.946919+00:00,-35.3599031,149.158713,597.49,10.0,2.8354364743368876
2026-04-28 11:00:20.947952+00:00,-35.3599061,149.1587199,597.5,0.0,0.0
2026-04-28 11:00:21.447679+00:00,-35.3598953,149.1586968,597.49,10.003,4.005109236962208
2026-04-28 11:00:21.449683+00:00,-35.3598984,149.1587037,597.51,0.0,0.0
2026-04-28 11:00:21.949226+00:00,-35.3598851,149.1586753,597.49,10.004,5.147475109216169
2026-04-28 11:00:21.950949+00:00,-35.359891,149.1586884,597.51,0.0,0.0
2026-04-28 11:00:22.448192+00:00,-35.359872,149.1586479,597.49,10.004,6.34814146030159
2026-04-28 11:00:22.450197+00:00,-35.359877,149.1586587,597.51,0.0,0.0
2026-04-28 11:00:22.947474+00:00,-35.3598564,149.1586149,597.49,10.002,7.504165509901817
2026-04-28 11:00:22.949468+00:00,-35.3598655,149.1586344,597.51,0.0,0.0
2026-04-28 11:00:23.452157+00:00,-35.3598385,149.1585771,597.49,10.003,8.382344540759465
2026-04-28 11:00:23.454162+00:00,-35.3598451,149.1585914,597.51,0.0,0.0
2026-04-28 11:00:23.953123+00:00,-35.3598189,149.1585357,597.49,10.004,8.965361119330332
2026-04-28 11:00:23.955119+00:00,-35.3598298,149.1585593,597.51,0.0,0.0
2026-04-28 11:00:24.451772+00:00,-35.359798,149.1584917,597.49,10.003,9.359813032320677
2026-04-28 11:00:24.453817+00:00,-35.3598056,149.1585079,597.5,0.0,0.0
2026-04-28 11:00:24.953530+00:00,-35.3597765,149.1584463,597.49,10.0,9.637660504500042
2026-04-28 11:00:24.954538+00:00,-35.3597886,149.1584722,597.5,0.0,0.0
2026-04-28 11:00:25.452947+00:00,-35.3597545,149.1583998,597.48,9.999,9.831256277811091
2026-04-28 11:00:25.453953+00:00,-35.3597625,149.1584169,597.5,0.0,0.0
2026-04-28 11:00:25.951382+00:00,-35.3597322,149.1583528,597.48,9.998,9.956510432877575
2026-04-28 11:00:25.953384+00:00,-35.3597447,149.1583794,597.5,0.0,0.0
2026-04-28 11:00:26.453005+00:00,-35.3597094,149.1583047,597.48,9.997,10.042156142980451
2026-04-28 11:00:26.454536+00:00,-35.3597177,149.1583225,597.5,0.0,0.0
2026-04-28 11:00:26.951478+00:00,-35.3596866,149.1582569,597.48,9.998,10.095434611744063
2026-04-28 11:00:26.954500+00:00,-35.3596995,149.1582843,597.5,0.0,0.0
2026-04-28 11:00:27.449698+00:00,-35.3596639,149.158209,597.48,9.998,10.131421420511536
2026-04-28 11:00:27.450715+00:00,-35.3596722,149.1582265,597.5,0.0,0.0
2026-04-28 11:00:27.949609+00:00,-35.3596411,149.1581609,597.48,9.998,10.145092409633339
2026-04-28 11:00:27.951606+00:00,-35.3596539,149.158188,597.5,0.0,0.0
2026-04-28 11:00:28.451423+00:00,-35.3596181,149.1581126,597.48,9.997,10.150123151962246
2026-04-28 11:00:28.452418+00:00,-35.3596263,149.1581299,597.49,0.0,0.0
2026-04-28 11:00:28.947574+00:00,-35.3595951,149.1580641,597.48,9.997,10.122776299019948
2026-04-28 11:00:28.948576+00:00,-35.359608,149.1580913,597.49,0.0,0.0
2026-04-28 11:00:29.450881+00:00,-35.3595723,149.158016,597.48,9.996,10.10046038554679
2026-04-28 11:00:29.451885+00:00,-35.3595806,149.1580335,597.49,0.0,0.0
2026-04-28 11:00:29.949513+00:00,-35.3595495,149.1579681,597.48,9.995,10.07814467052344
2026-04-28 11:00:29.950510+00:00,-35.3595623,149.1579951,597.49,0.0,0.0
2026-04-28 11:00:30.449843+00:00,-35.3595268,149.1579202,597.48,9.995,10.055829155271086
2026-04-28 11:00:30.450840+00:00,-35.359535,149.1579375,597.49,0.0,0.0
2026-04-28 11:00:30.933564+00:00,-35.3595039,149.157872,597.48,9.995,10.03351384112266
2026-04-28 11:00:30.935563+00:00,-35.3595168,149.1578993,597.49,0.0,0.0
2026-04-28 11:00:31.435543+00:00,-35.3594812,149.1578244,597.48,9.996,10.019840318088907
2026-04-28 11:00:31.437555+00:00,-35.3594897,149.1578422,597.5,0.0,0.0
2026-04-28 11:00:31.940060+00:00,-35.3594587,149.1577769,597.48,9.997,10.006168097728521
2026-04-28 11:00:32.447270+00:00,-35.3594362,149.1577296,597.48,9.997,10.011198729422965
2026-04-28 11:00:32.449277+00:00,-35.3594444,149.1577471,597.5,0.0,0.0
2026-04-28 11:00:32.949936+00:00,-35.3594135,149.1576819,597.48,9.996,10.03351384112266
2026-04-28 11:00:32.950943+00:00,-35.3594264,149.157709,597.49,0.0,0.0
2026-04-28 11:00:33.454635+00:00,-35.359391,149.1576344,597.48,9.995,10.042156142980451
2026-04-28 11:00:33.455631+00:00,-35.3593992,149.1576518,597.49,0.0,0.0
2026-04-28 11:00:33.958729+00:00,-35.3593684,149.1575867,597.48,9.996,10.042156142980451
2026-04-28 11:00:34.445704+00:00,-35.3593457,149.157539,597.48,9.996,10.042156142980451
2026-04-28 11:00:34.447744+00:00,-35.3593538,149.1575562,597.5,0.0,0.0
2026-04-28 11:00:34.931535+00:00,-35.3593228,149.1574909,597.48,9.997,10.019840318088907
2026-04-28 11:00:34.933541+00:00,-35.3593357,149.157518,597.5,0.0,0.0
2026-04-28 11:00:35.435191+00:00,-35.3593002,149.1574433,597.48,9.998,10.006168097728521
2026-04-28 11:00:35.436193+00:00,-35.3593085,149.1574609,597.5,0.0,0.0
2026-04-28 11:00:35.934625+00:00,-35.3592776,149.1573958,597.48,9.998,9.997524693642923
2026-04-28 11:00:35.936638+00:00,-35.3592905,149.1574228,597.5,0.0,0.0
2026-04-28 11:00:36.446160+00:00,-35.3592551,149.1573483,597.48,9.998,9.997524693642923
2026-04-28 11:00:36.447161+00:00,-35.3592633,149.1573657,597.5,0.0,0.0
2026-04-28 11:00:36.939920+00:00,-35.3592323,149.1573004,597.48,9.998,9.992497185388645
2026-04-28 11:00:36.940913+00:00,-35.3592453,149.1573278,597.5,0.0,0.0
2026-04-28 11:00:37.439118+00:00,-35.3592098,149.157253,597.48,9.99,9.911876714326102
2026-04-28 11:00:37.440119+00:00,-35.3592182,149.1572708,597.5,0.0,0.0
2026-04-28 11:00:37.943876+00:00,-35.3591883,149.1572078,597.33,9.843,8.95307768312104
2026-04-28 11:00:37.944877+00:00,-35.3592005,149.1572334,597.44,0.0,0.0
2026-04-28 11:00:38.460303+00:00,-35.3591697,149.1571684,597.06,9.575,7.76106307151282
2026-04-28 11:00:38.462303+00:00,-35.3591763,149.1571824,597.18,0.0,0.0
2026-04-28 11:00:38.961831+00:00,-35.3591534,149.1571339,596.78,9.291,6.649669164702858
2026-04-28 11:00:38.962855+00:00,-35.3591624,149.1571529,596.95,0.0,0.0
2026-04-28 11:00:39.459268+00:00,-35.3591398,149.1571051,596.51,9.025,5.440367634636468
2026-04-28 11:00:39.461278+00:00,-35.3591446,149.1571151,596.63,0.0,0.0
2026-04-28 11:00:39.960035+00:00,-35.359129,149.1570823,596.26,8.776,4.123105625617661
2026-04-28 11:00:39.961047+00:00,-35.3591349,149.1570945,596.43,0.0,0.0
2026-04-28 11:00:40.462828+00:00,-35.3591213,149.157066,596.02,8.535,2.730311337558411
2026-04-28 11:00:40.463835+00:00,-35.3591239,149.1570712,596.14,0.0,0.0
2026-04-28 11:00:40.961354+00:00,-35.3591168,149.1570564,595.78,8.293,1.3051053597315427
2026-04-28 11:00:40.963350+00:00,-35.359119,149.157061,595.94,0.0,0.0
2026-04-28 11:00:41.447032+00:00,-35.3591152,149.1570532,595.53,8.049,0.17204650534085253
2026-04-28 11:00:41.448029+00:00,-35.3591156,149.1570537,595.65,0.0,0.0
2026-04-28 11:00:41.934322+00:00,-35.3591152,149.1570533,595.29,7.802,0.14866068747318506
2026-04-28 11:00:41.938327+00:00,-35.3591153,149.157053,595.45,0.0,0.0
2026-04-28 11:00:42.438625+00:00,-35.3591156,149.1570544,595.04,7.551,0.19697715603592209
2026-04-28 11:00:42.439946+00:00,-35.3591155,149.157054,595.16,0.0,0.0
2026-04-28 11:00:42.942828+00:00,-35.359116,149.1570555,594.79,7.3,0.19697715603592209
2026-04-28 11:00:42.944880+00:00,-35.3591159,149.1570551,594.95,0.0,0.0
2026-04-28 11:00:43.439032+00:00,-35.3591164,149.1570567,594.53,7.049,0.1835755975068582
2026-04-28 11:00:43.440050+00:00,-35.3591163,149.1570566,594.66,0.0,0.0
2026-04-28 11:00:43.941025+00:00,-35.3591168,149.1570578,594.29,6.802,0.1664331697709324
2026-04-28 11:00:43.946020+00:00,-35.3591166,149.1570575,594.45,0.0,0.0
2026-04-28 11:00:44.441304+00:00,-35.3591172,149.1570588,594.04,6.554,0.14212670403551894
2026-04-28 11:00:44.442301+00:00,-35.3591171,149.1570588,594.16,0.0,0.0
2026-04-28 11:00:44.940443+00:00,-35.3591175,149.1570595,593.79,6.306,0.1063014581273465
2026-04-28 11:00:44.942444+00:00,-35.3591173,149.1570595,593.97,0.0,0.0
2026-04-28 11:00:45.457456+00:00,-35.3591178,149.1570601,593.54,6.055,0.08602325267042626
2026-04-28 11:00:45.459456+00:00,-35.3591176,149.1570603,593.67,0.0,0.0
2026-04-28 11:00:45.957653+00:00,-35.359118,149.1570605,593.29,5.806,0.0632455532033676
2026-04-28 11:00:45.960645+00:00,-35.3591178,149.1570607,593.47,0.0,0.0
2026-04-28 11:00:46.442697+00:00,-35.3591181,149.1570609,593.04,5.556,0.05099019513592785
2026-04-28 11:00:46.443721+00:00,-35.359118,149.1570611,593.17,0.0,0.0
2026-04-28 11:00:46.948079+00:00,-35.3591183,149.1570611,592.79,5.307,0.04
2026-04-28 11:00:46.950086+00:00,-35.3591182,149.1570613,592.97,0.0,0.0
2026-04-28 11:00:47.443825+00:00,-35.3591184,149.1570613,592.54,5.055,0.04
2026-04-28 11:00:47.445843+00:00,-35.3591183,149.1570615,592.67,0.0,0.0
2026-04-28 11:00:47.946225+00:00,-35.3591185,149.1570614,592.29,4.807,0.03
2026-04-28 11:00:47.947786+00:00,-35.3591184,149.1570616,592.48,0.0,0.0
2026-04-28 11:00:48.447264+00:00,-35.3591186,149.1570615,592.04,4.558,0.03
2026-04-28 11:00:48.448286+00:00,-35.3591185,149.1570617,592.18,0.0,0.0
2026-04-28 11:00:48.949974+00:00,-35.3591186,149.1570615,591.79,4.309,0.02
2026-04-28 11:00:48.950974+00:00,-35.3591185,149.1570617,591.98,0.0,0.0
2026-04-28 11:00:49.462235+00:00,-35.3591187,149.1570616,591.54,4.057,0.02
2026-04-28 11:00:49.463236+00:00,-35.3591186,149.1570619,591.68,0.0,0.0
2026-04-28 11:00:49.945383+00:00,-35.3591187,149.1570617,591.29,3.808,0.02
2026-04-28 11:00:49.946405+00:00,-35.3591186,149.1570619,591.48,0.0,0.0
2026-04-28 11:00:50.446430+00:00,-35.3591187,149.1570617,591.04,3.558,0.022360679774997897
2026-04-28 11:00:50.447439+00:00,-35.3591188,149.157062,591.18,0.0,0.0
2026-04-28 11:00:50.948092+00:00,-35.3591188,149.1570618,590.79,3.309,0.01414213562373095
2026-04-28 11:00:50.949083+00:00,-35.3591188,149.157062,590.98,0.0,0.0
2026-04-28 11:00:51.448833+00:00,-35.3591188,149.1570618,590.54,3.057,0.01414213562373095
2026-04-28 11:00:51.449840+00:00,-35.3591188,149.157062,590.68,0.0,0.0
2026-04-28 11:00:51.947327+00:00,-35.3591188,149.1570618,590.29,2.806,0.01414213562373095
2026-04-28 11:00:51.948331+00:00,-35.3591188,149.157062,590.48,0.0,0.0
2026-04-28 11:00:52.449260+00:00,-35.3591188,149.1570618,590.04,2.557,0.01414213562373095
2026-04-28 11:00:52.450262+00:00,-35.3591189,149.1570621,590.18,0.0,0.0
2026-04-28 11:00:52.951996+00:00,-35.3591189,149.1570619,589.86,2.37,0.01414213562373095
2026-04-28 11:00:52.954001+00:00,-35.3591189,149.1570621,589.98,0.0,0.0
2026-04-28 11:00:53.456335+00:00,-35.3591189,149.1570619,589.86,2.379,0.01414213562373095
2026-04-28 11:00:53.457328+00:00,-35.3591189,149.1570621,589.92,0.0,0.0
2026-04-28 11:00:53.943071+00:00,-35.3591189,149.1570619,589.86,2.378,0.01414213562373095
2026-04-28 11:00:53.944286+00:00,-35.3591189,149.1570621,589.92,0.0,0.0
2026-04-28 11:00:54.442502+00:00,-35.3591189,149.1570619,589.87,2.381,0.01
2026-04-28 11:00:54.444532+00:00,-35.3591189,149.1570621,589.92,0.0,0.0
2026-04-28 11:00:54.940687+00:00,-35.3591189,149.1570619,589.87,2.383,0.01
2026-04-28 11:00:54.941691+00:00,-35.3591189,149.1570621,589.92,0.0,0.0
